,alcohol,accident
0,20,0.738601823708207
1,30,1.2948328267477207
2,44,2.0735562310030398
3,66,3.29726443768997
4,88,4.5209726443769
5,100,5.188449848024316
6,56,2.7410334346504563
