,Speeds,accident
0,20,1.0215745647236942
1,30,1.4610143830431492
2,33,1.5928463285389858
3,40,1.9004542013626042
4,66,3.0429977289931873
5,99,4.493149129447389
6,112,5.06442089326268
7,222,9.898258894776685
