,direction,accident
0,30,1.7573163448138567
1,44,2.2071670316543903
2,66,2.914075253832371
3,88,3.6209834760103523
4,166,6.127294445550468
5,92,3.749512243679076
6,110,4.327891698188333
