,force,accident
0,20,0.8506024096385543
1,90,1.0867469879518072
2,101,1.1238554216867471
3,120,1.1879518072289157
4,200,1.4578313253012047
5,250,1.6265060240963853
